<VisualMicro>
  <Program Name="QTRRCExample" Ext=".ino" Location="F:\arduino-1.0.5\libraries\QTRSensors\Examples\QTRRCExample">
    <Platform Name="arduino10x" Package="arduino" Platform="avr" Architecture="avr">
      <Board Name="nano328" Description="Arduino Nano w/ ATmega328" CoreFolder="F:\arduino-1.0.5\hardware\arduino\cores\arduino" VariantFullPath="F:\arduino-1.0.5\hardware\arduino\variants\eightanaloginputs" McuIdePath="F:\arduino-1.0.5" McuSketchBookPath="F:\atmel y arduino" name="Arduino Nano w/ ATmega328" upload.protocol="arduino" upload.maximum_size="30720" upload.speed="57600" bootloader.low_fuses="0xFF" bootloader.high_fuses="0xDA" bootloader.extended_fuses="0x05" bootloader.path="atmega" bootloader.file="ATmegaBOOT_168_atmega328.hex" bootloader.unlock_bits="0x3F" bootloader.lock_bits="0x0F" build.mcu="atmega328p" build.f_cpu="16000000L" build.core="arduino" build.variant="eightanaloginputs" runtime.ide.path="F:\arduino-1.0.5" build.system.path="F:\arduino-1.0.5\hardware\arduino\system" runtime.ide.version="105" originalid="nano328" vm.platform.root.path="C:\Program Files (x86)\Visual Micro\Visual Micro for Arduino\Micro Platforms\arduino10x" build.core.vmresolved="F:\arduino-1.0.5\hardware\arduino\cores\arduino" build.core.parentfolder.vmresolved="F:\arduino-1.0.5\hardware\arduino\cores" build.core.coresparentfolder.vmresolved="F:\arduino-1.0.5\hardware\arduino" vm.core.include="arduino.h" ide.hint="Arduino 0023 and 1.0.x Ide" ide.location.key="Arduino" ide.location.ide.winreg="Arduino 1.0.x Application" ide.location.sketchbook.winreg="Arduino 1.0.x Sketchbook" ide.location.sketchbook.preferences="sketchbook.path" ide.location.sketchbook.default="%MYDOCUMENTS%\arduino" ide.location.preferences="%VM_APPDATA_ROAMING%\arduino\preferences.txt" ide.default.package="arduino" ide.default.platform="avr" ide.multiplatform="true" ide.includes="arduino.h" ide.platformswithoutpackage="true" ide.includes.fallback="wprogram.h" ide.extension="ino" ide.extension.fallback="pde" ide.versionLTEQ="149" ide.exe="arduino.exe" ide.hosts="atmel" ide.url="http://arduino.cc/en/Main/Software" vm.debug="true" software="ARDUINO" ide.appid="arduino10x" location.sketchbook="F:\atmel y arduino" build.board="AVR_NANO328" vm.boardsource.path="F:\arduino-1.0.5\hardware\arduino" vm.platformname.name="avr" build.arch="AVR" build.variant.vmresolved="F:\arduino-1.0.5\hardware\arduino\variants\eightanaloginputs" vm.runtime.compiler.showwarnings="false" compiler.path="F:\arduino-1.0.5\hardware\tools\avr\bin\" includes=" -I&quot;F:\arduino-1.0.5\hardware\arduino\cores\arduino&quot;  -I&quot;F:\arduino-1.0.5\hardware\arduino\variants\eightanaloginputs&quot;  -I&quot;F:\arduino-1.0.5\libraries\QTRSensors&quot;  -I&quot;F:\arduino-1.0.5\libraries&quot;  -I&quot;F:\arduino-1.0.5\hardware\arduino\libraries&quot;  -I&quot;C:\Program Files (x86)\Visual Micro\Visual Micro for Arduino\Micro Platforms\default\debuggers&quot;  -I&quot;F:\atmel y arduino\libraries&quot; " build.path="C:\Users\marko\AppData\Local\VMicro\Arduino\Builds\QTRRCExample\nano328" build.project_name="QTRRCExample" build.variant.path="F:\arduino-1.0.5\hardware\arduino\variants\eightanaloginputs" archive_file="core.a" object_file="C:\Users\marko\AppData\Local\VMicro\Arduino\Builds\QTRRCExample\nano328\QTRSensors\QTRSensors.cpp.o" source_file="F:\arduino-1.0.5\libraries\QTRSensors\QTRSensors.cpp" object_files="&quot;C:\Users\marko\AppData\Local\VMicro\Arduino\Builds\QTRRCExample\nano328\QTRRCExample.cpp.o&quot; &quot;C:\Users\marko\AppData\Local\VMicro\Arduino\Builds\QTRRCExample\nano328\QTRSensors\QTRSensors.cpp.o&quot; " build.architecture="avr" vmresolved.compiler.path="F:\arduino-1.0.5\hardware\tools\avr\bin\" vmresolved.tools.path="F:\arduino-1.0.5\hardware\tools\avr" />
    </Platform>
    <Compile IsDebugStart="1" CompilerErrors="0" ConfigurationName="Debug" StopOnError="False" OptimiseLibs="True" OptimiseCore="True" BuildPath="C:\Users\marko\AppData\Local\VMicro\Arduino\Builds\QTRRCExample\nano328" IncludeDebug="0" IncludesDebug="0" SketchName="QTRRCExample" IsCompiled="1" />
    <Debug DebugEnabled="0" />
    <VCCodeModel>
      <VCCodeMacros />
    </VCCodeModel>
  </Program>
</VisualMicro>